[
  {"id": "agra", "name_en": "Agra", "name_hi": "आगरा"},
  {"id": "aligarh", "name_en": "Aligarh", "name_hi": "अलीगढ़"},
  {"id": "ambedkar_nagar", "name_en": "Ambedkar Nagar", "name_hi": "अम्बेडकर नगर"},
  {"id": "amethi", "name_en": "Amethi", "name_hi": "अमेठी"},
  {"id": "amroha", "name_en": "Amroha", "name_hi": "अमरोहा"},
  {"id": "auraiya", "name_en": "Auraiya", "name_hi": "औरैया"},
  {"id": "ayodhya", "name_en": "Ayodhya", "name_hi": "अयोध्या"},
  {"id": "azamgarh", "name_en": "Azamgarh", "name_hi": "आज़मगढ़"},
  {"id": "baghpat", "name_en": "Baghpat", "name_hi": "बागपत"},
  {"id": "bahraich", "name_en": "Bahraich", "name_hi": "बहराइच"},
  {"id": "ballia", "name_en": "Ballia", "name_hi": "बलिया"},
  {"id": "balrampur", "name_en": "Balrampur", "name_hi": "बलरामपुर"},
  {"id": "banda", "name_en": "Banda", "name_hi": "बांदा"},
  {"id": "barabanki", "name_en": "Barabanki", "name_hi": "बाराबंकी"},
  {"id": "bareilly", "name_en": "Bareilly", "name_hi": "बरेली"},
  {"id": "basti", "name_en": "Basti", "name_hi": "बस्ती"},
  {"id": "bhadohi", "name_en": "Bhadohi", "name_hi": "भदोही"},
  {"id": "bijnor", "name_en": "Bijnor", "name_hi": "बिजनौर"},
  {"id": "budaun", "name_en": "Budaun", "name_hi": "बदायूं"},
  {"id": "bulandshahr", "name_en": "Bulandshahr", "name_hi": "बुलंदशहर"},
  {"id": "chandauli", "name_en": "Chandauli", "name_hi": "चंदौली"},
  {"id": "chitrakoot", "name_en": "Chitrakoot", "name_hi": "चित्रकूट"},
  {"id": "deoria", "name_en": "Deoria", "name_hi": "देवरिया"},
  {"id": "etah", "name_en": "Etah", "name_hi": "एटा"},
  {"id": "etawah", "name_en": "Etawah", "name_hi": "इटावा"},
  {"id": "farrukhabad", "name_en": "Farrukhabad", "name_hi": "फर्रुखाबाद"},
  {"id": "fatehpur", "name_en": "Fatehpur", "name_hi": "फतेहपुर"},
  {"id": "firozabad", "name_en": "Firozabad", "name_hi": "फिरोजाबाद"},
  {"id": "gautam_buddha_nagar", "name_en": "Gautam Buddha Nagar", "name_hi": "गौतम बुद्ध नगर"},
  {"id": "ghaziabad", "name_en": "Ghaziabad", "name_hi": "गाजियाबाद"},
  {"id": "ghazipur", "name_en": "Ghazipur", "name_hi": "गाजीपुर"},
  {"id": "gonda", "name_en": "Gonda", "name_hi": "गोंडा"},
  {"id": "gorakhpur", "name_en": "Gorakhpur", "name_hi": "गोरखपुर"},
  {"id": "hamirpur", "name_en": "Hamirpur", "name_hi": "हमीरपुर"},
  {"id": "hapur", "name_en": "Hapur", "name_hi": "हापुड़"},
  {"id": "hardoi", "name_en": "Hardoi", "name_hi": "हरदोई"},
  {"id": "hathras", "name_en": "Hathras", "name_hi": "हाथरस"},
  {"id": "jalaun", "name_en": "Jalaun", "name_hi": "जालौन"},
  {"id": "jaunpur", "name_en": "Jaunpur", "name_hi": "जौनपुर"},
  {"id": "jhansi", "name_en": "Jhansi", "name_hi": "झांसी"},
  {"id": "kannauj", "name_en": "Kannauj", "name_hi": "कन्नौज"},
  {"id": "kanpur_dehat", "name_en": "Kanpur Dehat", "name_hi": "कानपुर देहात"},
  {"id": "kanpur_nagar", "name_en": "Kanpur Nagar", "name_hi": "कानपुर नगर"},
  {"id": "kasganj", "name_en": "Kasganj", "name_hi": "कासगंज"},
  {"id": "kaushambi", "name_en": "Kaushambi", "name_hi": "कौशाम्बी"},
  {"id": "kheri", "name_en": "Kheri", "name_hi": "खीरी"},
  {"id": "kushinagar", "name_en": "Kushinagar", "name_hi": "कुशीनगर"},
  {"id": "lalitpur", "name_en": "Lalitpur", "name_hi": "ललितपुर"},
  {"id": "lucknow", "name_en": "Lucknow", "name_hi": "लखनऊ"},
  {"id": "maharajganj", "name_en": "Maharajganj", "name_hi": "महाराजगंज"},
  {"id": "mahoba", "name_en": "Mahoba", "name_hi": "महोबा"},
  {"id": "mainpuri", "name_en": "Mainpuri", "name_hi": "मैनपुरी"},
  {"id": "mathura", "name_en": "Mathura", "name_hi": "मथुरा"},
  {"id": "mau", "name_en": "Mau", "name_hi": "मऊ"},
  {"id": "meerut", "name_en": "Meerut", "name_hi": "मेरठ"},
  {"id": "mirzapur", "name_en": "Mirzapur", "name_hi": "मिर्जापुर"},
  {"id": "moradabad", "name_en": "Moradabad", "name_hi": "मुरादाबाद"},
  {"id": "muzaffarnagar", "name_en": "Muzaffarnagar", "name_hi": "मुजफ्फरनगर"},
  {"id": "pilibhit", "name_en": "Pilibhit", "name_hi": "पीलीभीत"},
  {"id": "pratapgarh", "name_en": "Pratapgarh", "name_hi": "प्रतापगढ़"},
  {"id": "prayagraj", "name_en": "Prayagraj", "name_hi": "प्रयागराज"},
  {"id": "raebareli", "name_en": "Raebareli", "name_hi": "रायबरेली"},
  {"id": "rampur", "name_en": "Rampur", "name_hi": "रामपुर"},
  {"id": "saharanpur", "name_en": "Saharanpur", "name_hi": "सहारनपुर"},
  {"id": "sambhal", "name_en": "Sambhal", "name_hi": "संभल"},
  {"id": "sant_kabir_nagar", "name_en": "Sant Kabir Nagar", "name_hi": "संत कबीर नगर"},
  {"id": "shahjahanpur", "name_en": "Shahjahanpur", "name_hi": "शाहजहांपुर"},
  {"id": "shamli", "name_en": "Shamli", "name_hi": "शामली"},
  {"id": "shravasti", "name_en": "Shravasti", "name_hi": "श्रावस्ती"},
  {"id": "siddharthnagar", "name_en": "Siddharthnagar", "name_hi": "सिद्धार्थनगर"},
  {"id": "sitapur", "name_en": "Sitapur", "name_hi": "सीतापुर"},
  {"id": "sonbhadra", "name_en": "Sonbhadra", "name_hi": "सोनभद्र"},
  {"id": "sultanpur", "name_en": "Sultanpur", "name_hi": "सुल्तानपुर"},
  {"id": "unnao", "name_en": "Unnao", "name_hi": "उन्नाव"},
  {"id": "varanasi", "name_en": "Varanasi", "name_hi": "वाराणसी"}
]
